file,begin,end,speaker,overall_log_likelihood,speech_log_likelihood,phone_duration_deviation,snr
recording_2026-05-10_21-54-31,0.0,26.772925170068028,files_for_alignment,-44.64269413055659,-49.82207588527513,6.343321969253319,5.788167394544125
recording_2026-05-11_10-51-28,0.0,23.951791383219955,files_for_alignment,-46.5044363256785,-46.46183862397165,5.760425947670416,12.748350255030033
recording_2026-05-11_10-44-59,0.0,29.984263038548754,files_for_alignment,-44.57781750333556,-46.774146775491374,4.81643670137716,15.78495801981739
recording_2026-05-10_21-59-27,0.0,26.495646258503402,files_for_alignment,-47.21576945754717,-50.84757181008657,4.701127968096727,6.360685728731445
recording_2026-05-10_22-24-53,0.0,30.655646258503403,files_for_alignment,-46.160362646771034,-45.854947666968066,4.66648581509374,8.79240455191428
recording_2026-05-11_10-39-31,0.0,31.517687074829933,files_for_alignment,-46.62403830901015,-46.74355441521419,4.168911321835409,10.307248788553974
recording_2026-05-11_13-56-07,0.0,24.702607709750566,files_for_alignment,-46.72772330465587,-45.91307315402561,4.083851297095695,14.719052714699327
recording_2026-05-10_22-22-03,0.0,16.95965986394558,files_for_alignment,-45.70511958284198,-47.0024605680395,3.979712599159931,14.535901838073542
recording_2026-05-10_21-48-30,0.0,15.274331065759638,files_for_alignment,-42.428797274066795,-46.014658258316366,3.888580352038678,9.738116030585115
recording_2026-05-10_21-44-41,0.0,12.010317460317461,files_for_alignment,-45.62309728871774,-47.99529343559628,2.8670251269434703,12.606439833623437
recording_2026-05-10_22-18-53,0.0,14.014081632653062,files_for_alignment,-47.04683038900785,-46.77397835696185,2.379584304679094,12.943476819491334
recording_2026-05-10_21-43-31,0.0,4.735646258503401,files_for_alignment,-46.14507103771097,-46.1032055125517,2.138470701466273,10.571395003832247
